{
    "major": [
        "Roma Termini",
        "Milano Centrale",
        "Firenze Santa Maria Novella",
        "Bologna Centrale",
        "Napoli Centrale",
        "Torino Porta Nuova",
        "Venezia Santa Lucia",
        "Venezia Mestre",
        "Genova Brignole",
        "Genova Piazza Principe",
        "Verona Porta Nuova",
        "Bari Centrale",
        "Palermo Centrale",
        "Roma Tiburtina"
    ],
    "regional_north": [
        "Milano Porta Garibaldi",
        "Milano Lambrate",
        "Milano Rogoredo",
        "Torino Porta Susa",
        "Brescia",
        "Bergamo",
        "Como San Giovanni",
        "Varese",
        "Novara",
        "Alessandria",
        "Asti",
        "Cuneo",
        "Piacenza",
        "Parma",
        "Modena",
        "Reggio Emilia AV",
        "Mantova",
        "Cremona",
        "Pavia",
        "Lodi"
    ],
    "regional_center": [
        "Roma Ostiense",
        "Roma San Pietro",
        "Firenze Campo di Marte",
        "Firenze Rifredi",
        "Pisa Centrale",
        "Livorno Centrale",
        "Lucca",
        "Arezzo",
        "Siena",
        "Grosseto",
        "Viterbo Porta Fiorentina",
        "Perugia",
        "Foligno",
        "Terni",
        "Ancona",
        "Pescara Centrale",
        "L'Aquila",
        "Chieti",
        "Teramo",
        "Ascoli Piceno"
    ],
    "regional_south": [
        "Napoli Campi Flegrei",
        "Salerno",
        "Caserta",
        "Benevento",
        "Avellino",
        "Foggia",
        "Lecce",
        "Brindisi",
        "Taranto",
        "Potenza Centrale",
        "Matera Centrale",
        "Cosenza",
        "Catanzaro Lido",
        "Reggio Calabria Centrale",
        "Crotone",
        "Paola",
        "Lamezia Terme Centrale"
    ],
    "sicily": [
        "Catania Centrale",
        "Messina Centrale",
        "Siracusa",
        "Agrigento Centrale",
        "Trapani",
        "Caltanissetta Centrale",
        "Ragusa",
        "Enna",
        "Taormina-Giardini",
        "Cefalù"
    ],
    "sardinia": [
        "Cagliari",
        "Sassari",
        "Olbia",
        "Nuoro",
        "Oristano",
        "Carbonia",
        "Iglesias",
        "Porto Torres Marittima"
    ],
    "minor": [
        "Cinque Terre-Riomaggiore",
        "Monterosso al Mare",
        "Vernazza",
        "Corniglia",
        "Manarola",
        "Portofino",
        "Santa Margherita Ligure-Portofino",
        "Rapallo",
        "Sorrento",
        "Amalfi (collegamento bus)",
        "Pompei Scavi-Villa dei Misteri",
        "Ercolano Scavi",
        "Viareggio",
        "Forte dei Marmi-Seravezza-Querceta",
        "Rimini",
        "Riccione",
        "Cattolica-San Giovanni-Gabice Mare",
        "San Benedetto del Tronto",
        "Ancona Marittima",
        "Barletta",
        "Trani",
        "Molfetta",
        "Monopoli",
        "Fasano",
        "Ostuni",
        "Lecco",
        "Varenna-Esino",
        "Stresa",
        "Domodossola",
        "Aosta",
        "Courmayeur (collegamento bus)",
        "Bolzano",
        "Trento",
        "Rovereto",
        "Merano",
        "Bressanone",
        "Brunico",
        "Udine",
        "Trieste Centrale",
        "Gorizia",
        "Pordenone",
        "Treviso Centrale",
        "Padova",
        "Vicenza",
        "Rovigo",
        "Chioggia",
        "Belluno"
    ]
}